,0
0,https://www.sigortam.net
1,https://www.sigortam.net/kasko-sigocccrtasi
2,https://www.sigortam.net/ozel-saglik-sigortasi
3,https://www.sigortam.net/trafik-sigccccortasi
4,https://www.sigortam.net/hakkimizda
5,https://www.sigortam.net/mtv-hesaplama-ve-odeme
6,https://www.sigortam.net/konut-sigoccccrtasi
7,https://www.sigortam.net/sigorta-sorgulama
8,https://www.sigortam.net/en-uygun-sigortca-icin-4442400
9,https://www.sigortam.net/anlasmali-sigorta-sirketleri
10,https://www.sigortam.net/acibadem-saglik-hayacccct-sigorta
11,https://www.sigortam.net/aksigorta
12,https://www.sigortam.net/allianz-hayat-emeklilik
13,https://www.sigortam.net/anadolu-sigorta
14,https://www.sigortam.net/allianz-sigorta
15,https://www.sigortam.net/anlasmali-arac-scccccervisleri
16,https://www.sigortam.net/hdi-sigorta
17,https://www.sigortam.net/unico-sigorta
18,https://www.sigortam.net/axa-sigorta
19,https://www.sigortam.net/zurich-sigorta
20,https://www.sigortam.net/ray-sigorta
21,https://www.sigortam.net/mapfre-sigorta
22,https://www.sigortam.net/groupama-sigorta
23,https://www.sigortam.net/sompo-sigorta
24,https://www.sigortam.net/eureko-sigorta
25,https://www.sigortam.net/anadolu-hayat-emeklilik
26,https://www.sigortam.net/tamamlayici-saglik-sigortasi
27,https://www.sigortam.net/hasar-ve-musteri-hizmetleri
28,https://www.sigortam.net/doga-sigorta
29,https://www.sigortam.net/dogum-sigortasi
30,https://www.sigortam.net/turkiye-sigorta
31,https://www.sigortam.net/kadinlarin-en-cok-tercih-ettigi-10-otomobil
32,https://www.sigortam.net/egr-valfi-arizasi-nasil-anlasilir
33,https://www.sigortam.net/cep-telefonu-sigortasi
34,https://www.sigortam.net/referans-odul-programi
35,https://www.sigortam.net/sitemap.xml
36,https://www.sigortam.net/turk-nippon-sigorta
37,https://www.sigortam.net/oto-cam-hasarlarinda-gerekli-belgeler
38,https://www.sigortam.net/sigorta-primleri-nasil-dusurulur
39,https://www.sigortam.net/trafik-sigortasi-policesi-tasima-zorunlulugu
40,https://www.sigortam.net/hasarsizlik-indirimi-nedir-nasil-yararlanilir
41,https://www.sigortam.net/yakit-tuketiminde-en-cimri-10-otomobil
42,https://www.sigortam.net/trafik-cezalari
43,https://www.sigortam.net/karsi-taraf-araciniza-zarar-verirse
44,https://www.sigortam.net/sigortada-muafiyet-nedir
45,https://www.sigortam.net/araba-anahtarinin-kaybolmasi
46,https://www.sigortam.net/ehliyet-alma-sartlari
47,https://www.sigortam.net/kopru-gecis-ucretleri
48,https://www.sigortam.net/trafik-sigortasi-police-basamak-hesaplama
49,https://www.sigortam.net/trafik-levhalari-isaret-ve-anlamlari
